timestamp,lane_error_px,speed,angular_z,pitch_rad,lidar_min_dist
0.0,0.0,0.40,0.00,0.0,1.2
0.5,2.1,0.40,0.01,0.0,1.2
1.0,4.5,0.40,0.02,0.0,1.2
1.5,5.2,0.40,0.02,0.0,1.15
2.0,12.0,0.40,0.05,0.0,1.1
2.5,35.0,0.40,0.15,0.0,1.0
3.0,62.5,0.22,0.38,0.0,0.85
3.5,75.0,0.22,0.45,0.0,0.8
4.0,50.0,0.22,0.35,0.0,0.85
4.5,25.0,0.25,0.18,0.0,0.95
5.0,8.0,0.35,0.05,0.0,1.1
5.5,-3.0,0.40,-0.02,0.0,1.2
6.0,-58.0,0.40,-0.25,0.0,0.9
6.5,-68.0,0.22,-0.42,0.0,0.85
7.0,-40.0,0.22,-0.30,0.0,0.9
7.5,-15.0,0.30,-0.10,0.0,1.05
8.0,2.0,0.40,0.01,0.0,1.2
8.5,1.0,0.40,0.00,0.0,1.2
9.0,0.0,0.40,0.00,0.0,1.2